Action,Keyword status,Campaign,Ad group,Keyword,Match Type
Add,Paused,SG Поиск Бишкек,1 Грузоперевозки и грузовое такси,грузоперевозки бишкек,Broad match
Add,Paused,SG Поиск Бишкек,1 Грузоперевозки и грузовое такси,грузовое такси бишкек,Broad match
Add,Paused,SG Поиск Бишкек,1 Грузоперевозки и грузовое такси,грузоперевозки бишкек,Phrase match
Add,Paused,SG Поиск Бишкек,1 Грузоперевозки и грузовое такси,грузоперевозки по бишкеку,Phrase match
Add,Paused,SG Поиск Бишкек,1 Грузоперевозки и грузовое такси,грузоперевозки недорого,Phrase match
Add,Paused,SG Поиск Бишкек,1 Грузоперевозки и грузовое такси,грузовое такси,Phrase match
Add,Paused,SG Поиск Бишкек,1 Грузоперевозки и грузовое такси,грузотакси бишкек,Phrase match
Add,Paused,SG Поиск Бишкек,1 Грузоперевозки и грузовое такси,грузовое такси с грузчиками,Phrase match
Add,Paused,SG Поиск Бишкек,1 Грузоперевозки и грузовое такси,заказать грузоперевозку,Phrase match
Add,Paused,SG Поиск Бишкек,1 Грузоперевозки и грузовое такси,перевозка мебели бишкек,Phrase match
Add,Paused,SG Поиск Бишкек,1 Грузоперевозки и грузовое такси,перевезти холодильник,Phrase match
Add,Paused,SG Поиск Бишкек,1 Грузоперевозки и грузовое такси,перевозка стройматериалов бишкек,Phrase match
Add,Paused,SG Поиск Бишкек,1 Грузоперевозки и грузовое такси,перевозка вещей бишкек,Phrase match
Add,Paused,SG Поиск Бишкек,1 Грузоперевозки и грузовое такси,доставка мебели из магазина,Phrase match
Add,Paused,SG Поиск Бишкек,2 Портер спринтер газель,портер бишкек,Broad match
Add,Paused,SG Поиск Бишкек,2 Портер спринтер газель,заказать газель бишкек,Broad match
Add,Paused,SG Поиск Бишкек,2 Портер спринтер газель,такси портер,Phrase match
Add,Paused,SG Поиск Бишкек,2 Портер спринтер газель,портер такси бишкек,Phrase match
Add,Paused,SG Поиск Бишкек,2 Портер спринтер газель,портер керек,Phrase match
Add,Paused,SG Поиск Бишкек,2 Портер спринтер газель,заказать портер,Phrase match
Add,Paused,SG Поиск Бишкек,2 Портер спринтер газель,портер грузоперевозки,Phrase match
Add,Paused,SG Поиск Бишкек,2 Портер спринтер газель,заказать спринтер бишкек,Phrase match
Add,Paused,SG Поиск Бишкек,2 Портер спринтер газель,спринтер грузоперевозки,Phrase match
Add,Paused,SG Поиск Бишкек,2 Портер спринтер газель,газель с грузчиками,Phrase match
Add,Paused,SG Поиск Бишкек,2 Портер спринтер газель,газель бишкек заказать,Phrase match
Add,Paused,SG Поиск Бишкек,2 Портер спринтер газель,лабо бишкек,Phrase match
Add,Paused,SG Поиск Бишкек,2 Портер спринтер газель,машина для перевозки вещей,Phrase match
Add,Paused,SG Поиск Бишкек,2 Портер спринтер газель,нанять машину для переезда,Phrase match
Add,Paused,SG Поиск Бишкек,3 Переезд квартиры и офиса,квартирный переезд бишкек,Broad match
Add,Paused,SG Поиск Бишкек,3 Переезд квартиры и офиса,переезд бишкек,Broad match
Add,Paused,SG Поиск Бишкек,3 Переезд квартиры и офиса,квартирный переезд,Phrase match
Add,Paused,SG Поиск Бишкек,3 Переезд квартиры и офиса,переезд квартиры бишкек,Phrase match
Add,Paused,SG Поиск Бишкек,3 Переезд квартиры и офиса,услуги переезда бишкек,Phrase match
Add,Paused,SG Поиск Бишкек,3 Переезд квартиры и офиса,переезд с грузчиками,Phrase match
Add,Paused,SG Поиск Бишкек,3 Переезд квартиры и офиса,офисный переезд бишкек,Phrase match
Add,Paused,SG Поиск Бишкек,3 Переезд квартиры и офиса,переезд офиса,Phrase match
Add,Paused,SG Поиск Бишкек,3 Переезд квартиры и офиса,компания по переезду,Phrase match
Add,Paused,SG Поиск Бишкек,3 Переезд квартиры и офиса,помощь при переезде,Phrase match
Add,Paused,SG Поиск Бишкек,4 Грузчики и сборка мебели,грузчики бишкек,Broad match
Add,Paused,SG Поиск Бишкек,4 Грузчики и сборка мебели,сборка мебели бишкек,Broad match
Add,Paused,SG Поиск Бишкек,4 Грузчики и сборка мебели,грузчик керек,Phrase match
Add,Paused,SG Поиск Бишкек,4 Грузчики и сборка мебели,грузчики керек,Phrase match
Add,Paused,SG Поиск Бишкек,4 Грузчики и сборка мебели,услуги грузчиков бишкек,Phrase match
Add,Paused,SG Поиск Бишкек,4 Грузчики и сборка мебели,нанять грузчиков,Phrase match
Add,Paused,SG Поиск Бишкек,4 Грузчики и сборка мебели,вызвать грузчиков,Phrase match
Add,Paused,SG Поиск Бишкек,4 Грузчики и сборка мебели,грузчики с машиной,Phrase match
Add,Paused,SG Поиск Бишкек,4 Грузчики и сборка мебели,грузчики на час,Phrase match
Add,Paused,SG Поиск Бишкек,4 Грузчики и сборка мебели,подъём мебели на этаж,Phrase match
Add,Paused,SG Поиск Бишкек,4 Грузчики и сборка мебели,сборка мебели,Phrase match
Add,Paused,SG Поиск Бишкек,4 Грузчики и сборка мебели,сборщик мебели бишкек,Phrase match
Add,Paused,SG Поиск Бишкек,4 Грузчики и сборка мебели,разборка мебели,Phrase match
Add,Paused,SG Поиск Бишкек,4 Грузчики и сборка мебели,сборка кухни бишкек,Phrase match
Add,Paused,SG Поиск Бишкек,4 Грузчики и сборка мебели,сборка шкафа бишкек,Phrase match
Add,Paused,SG Поиск Бишкек,5 Кыргызча машина жана кочуу,жүк ташуу бишкек,Broad match
Add,Paused,SG Поиск Бишкек,5 Кыргызча машина жана кочуу,жүк ташуу баасы,Broad match
Add,Paused,SG Поиск Бишкек,5 Кыргызча машина жана кочуу,жүк ташуу,Phrase match
Add,Paused,SG Поиск Бишкек,5 Кыргызча машина жана кочуу,жук ташуу,Phrase match
Add,Paused,SG Поиск Бишкек,5 Кыргызча машина жана кочуу,юк ташуу,Phrase match
Add,Paused,SG Поиск Бишкек,5 Кыргызча машина жана кочуу,жүк ташуучу машина,Phrase match
Add,Paused,SG Поиск Бишкек,5 Кыргызча машина жана кочуу,жук ташуучу машина,Phrase match
Add,Paused,SG Поиск Бишкек,5 Кыргызча машина жана кочуу,жүк ташуучу такси,Phrase match
Add,Paused,SG Поиск Бишкек,5 Кыргызча машина жана кочуу,жүк такси,Phrase match
Add,Paused,SG Поиск Бишкек,5 Кыргызча машина жана кочуу,жук такси бишкек,Phrase match
Add,Paused,SG Поиск Бишкек,5 Кыргызча машина жана кочуу,жүк ташуу канча турат,Phrase match
Add,Paused,SG Поиск Бишкек,5 Кыргызча машина жана кочуу,жүк ташуу баасы бишкек,Phrase match
Add,Paused,SG Поиск Бишкек,5 Кыргызча машина жана кочуу,жук ташуу баасы,Phrase match
Add,Paused,SG Поиск Бишкек,5 Кыргызча машина жана кочуу,арзан жүк ташуу,Phrase match
Add,Paused,SG Поиск Бишкек,5 Кыргызча машина жана кочуу,жүк ташуу номер,Phrase match
Add,Paused,SG Поиск Бишкек,5 Кыргызча машина жана кочуу,жүк ташуу заказ,Phrase match
Add,Paused,SG Поиск Бишкек,5 Кыргызча машина жана кочуу,машина керек,Phrase match
Add,Paused,SG Поиск Бишкек,5 Кыргызча машина жана кочуу,машина керек жүк ташуу,Phrase match
Add,Paused,SG Поиск Бишкек,5 Кыргызча машина жана кочуу,спринтер керек,Phrase match
Add,Paused,SG Поиск Бишкек,5 Кыргызча машина жана кочуу,спринтер керек бишкек,Phrase match
Add,Paused,SG Поиск Бишкек,5 Кыргызча машина жана кочуу,портер керек бишкек,Phrase match
Add,Paused,SG Поиск Бишкек,5 Кыргызча машина жана кочуу,портер чакыруу,Phrase match
Add,Paused,SG Поиск Бишкек,5 Кыргызча машина жана кочуу,газель керек,Phrase match
Add,Paused,SG Поиск Бишкек,5 Кыргызча машина жана кочуу,газель керек бишкек,Phrase match
Add,Paused,SG Поиск Бишкек,5 Кыргызча машина жана кочуу,3 тонналык машина керек,Phrase match
Add,Paused,SG Поиск Бишкек,5 Кыргызча машина жана кочуу,5 тонна машина керек,Phrase match
Add,Paused,SG Поиск Бишкек,5 Кыргызча машина жана кочуу,көчүү үчүн машина,Phrase match
Add,Paused,SG Поиск Бишкек,5 Кыргызча машина жана кочуу,кочуу учун машина,Phrase match
Add,Paused,SG Поиск Бишкек,5 Кыргызча машина жана кочуу,кочуу учун машина керек,Phrase match
Add,Paused,SG Поиск Бишкек,5 Кыргызча машина жана кочуу,көчүү канча турат,Phrase match
Add,Paused,SG Поиск Бишкек,5 Кыргызча машина жана кочуу,көчүү кызматы бишкек,Phrase match
Add,Paused,SG Поиск Бишкек,5 Кыргызча машина жана кочуу,батир көчүрүү,Phrase match
Add,Paused,SG Поиск Бишкек,5 Кыргызча машина жана кочуу,батир кочуруу бишкек,Phrase match
Add,Paused,SG Поиск Бишкек,5 Кыргызча машина жана кочуу,батирден батирге көчүү,Phrase match
Add,Paused,SG Поиск Бишкек,5 Кыргызча машина жана кочуу,үй көчүү бишкек,Phrase match
Add,Paused,SG Поиск Бишкек,5 Кыргызча машина жана кочуу,үй көчүрүү,Phrase match
Add,Paused,SG Поиск Бишкек,5 Кыргызча машина жана кочуу,уй кочуруу,Phrase match
Add,Paused,SG Поиск Бишкек,5 Кыргызча машина жана кочуу,офис көчүрүү,Phrase match
Add,Paused,SG Поиск Бишкек,5 Кыргызча машина жана кочуу,офис кочуруу бишкек,Phrase match
Add,Paused,SG Поиск Бишкек,6 Кыргызча грузчик жана мебель,грузчик керек бишкек,Broad match
Add,Paused,SG Поиск Бишкек,6 Кыргызча грузчик жана мебель,мебель чогултуу,Broad match
Add,Paused,SG Поиск Бишкек,6 Кыргызча грузчик жана мебель,грузчиктер керек,Phrase match
Add,Paused,SG Поиск Бишкек,6 Кыргызча грузчик жана мебель,грузчик менен машина,Phrase match
Add,Paused,SG Поиск Бишкек,6 Кыргызча грузчик жана мебель,грузчик жалдоо,Phrase match
Add,Paused,SG Поиск Бишкек,6 Кыргызча грузчик жана мебель,арзан грузчик бишкек,Phrase match
Add,Paused,SG Поиск Бишкек,6 Кыргызча грузчик жана мебель,жүкчү керек,Phrase match
Add,Paused,SG Поиск Бишкек,6 Кыргызча грузчик жана мебель,жукчу керек,Phrase match
Add,Paused,SG Поиск Бишкек,6 Кыргызча грузчик жана мебель,жукчу керек бишкек,Phrase match
Add,Paused,SG Поиск Бишкек,6 Кыргызча грузчик жана мебель,жүкчүлөр керек,Phrase match
Add,Paused,SG Поиск Бишкек,6 Кыргызча грузчик жана мебель,жүкчү жалдайм,Phrase match
Add,Paused,SG Поиск Бишкек,6 Кыргызча грузчик жана мебель,жүкчүлөрдүн баасы,Phrase match
Add,Paused,SG Поиск Бишкек,6 Кыргызча грузчик жана мебель,мебель чогултуучу керек,Phrase match
Add,Paused,SG Поиск Бишкек,6 Кыргызча грузчик жана мебель,мебель жыйноо,Phrase match
Add,Paused,SG Поиск Бишкек,6 Кыргызча грузчик жана мебель,мебель ташуу,Phrase match
Add,Paused,SG Поиск Бишкек,6 Кыргызча грузчик жана мебель,мебель ташуучу машина,Phrase match
Add,Paused,SG Поиск Бишкек,6 Кыргызча грузчик жана мебель,шкаф чогултуу,Phrase match
Add,Paused,SG Поиск Бишкек,6 Кыргызча грузчик жана мебель,кухня чогултуу,Phrase match
Add,Paused,SG Поиск Бишкек,6 Кыргызча грузчик жана мебель,диван ташуу,Phrase match
Add,Paused,SG Поиск Бишкек,6 Кыргызча грузчик жана мебель,эмерек ташуу,Phrase match
Add,Paused,SG Поиск Бишкек,6 Кыргызча грузчик жана мебель,эмерек чогултуу,Phrase match
