Campaign,Ad Group,Ad type,Final URL,Path 1,Path 2,Headline 1,Headline 2,Headline 3,Headline 4,Headline 5,Headline 6,Headline 7,Headline 8,Headline 9,Headline 10,Headline 11,Headline 12,Headline 13,Headline 14,Headline 15,Headline 1 position,Description 1,Description 2,Description 3,Description 4,Phone number,Country code,Business name,Status
SG | Поиск | Грузоперевозки,Грузоперевозки Бишкек,Responsive search ad,https://sprintergo.kg/,gruzoperevozki,bishkek,Грузоперевозки в Бишкеке,Грузоперевозки по Бишкеку,Грузоперевозки недорого,Грузовое такси от 1 500 сом,Подача в выбранное время,Цена известна до начала работ,0 скрытых платежей,Грузчики в форме и с опытом,Работаем с 2015 года,Заявка в WhatsApp 24/7,Упаковка и сборка мебели,Рассчитайте стоимость онлайн,Машины до 5 тонн,Договор и чек,Оплата после выполнения работ,1,"Спринтер или газель с грузчиками в выбранное время. Упакуем, перевезём, соберём мебель.","Фиксированная цена после расчёта, 0 скрытых платежей. Оплата после выполнения работ.",Переезды и грузоперевозки по Бишкеку и Чуйской области. Договор и чек. Работаем 7 дней.,Рассчитайте стоимость за минуту и отправьте заявку в WhatsApp. Ответим быстро.,,,,Paused
SG | Поиск | Грузоперевозки,Грузовое такси,Responsive search ad,https://sprintergo.kg/,gruzovoe-taksi,bishkek,Грузовое такси в Бишкеке,Грузовое такси Бишкек,Грузовое такси с грузчиками,Грузовое такси от 1 500 сом,Подача в выбранное время,Цена известна до начала работ,0 скрытых платежей,Грузчики в форме и с опытом,Работаем с 2015 года,Заявка в WhatsApp 24/7,Упаковка и сборка мебели,Рассчитайте стоимость онлайн,Машины до 5 тонн,Договор и чек,Оплата после выполнения работ,1,"Спринтер или газель с грузчиками в выбранное время. Упакуем, перевезём, соберём мебель.","Фиксированная цена после расчёта, 0 скрытых платежей. Оплата после выполнения работ.",Переезды и грузоперевозки по Бишкеку и Чуйской области. Договор и чек. Работаем 7 дней.,Рассчитайте стоимость за минуту и отправьте заявку в WhatsApp. Ответим быстро.,,,,Paused
SG | Поиск | Грузоперевозки,Спринтер / Газель / Портер,Responsive search ad,https://sprintergo.kg/,sprinter,gazel,Заказать спринтер в Бишкеке,Газель и спринтер с грузчиками,"Спринтер, газель, портер",Грузовое такси от 1 500 сом,Подача в выбранное время,Цена известна до начала работ,0 скрытых платежей,Грузчики в форме и с опытом,Работаем с 2015 года,Заявка в WhatsApp 24/7,Упаковка и сборка мебели,Рассчитайте стоимость онлайн,Машины до 5 тонн,Договор и чек,Оплата после выполнения работ,1,"Спринтер или газель с грузчиками в выбранное время. Упакуем, перевезём, соберём мебель.","Фиксированная цена после расчёта, 0 скрытых платежей. Оплата после выполнения работ.",Переезды и грузоперевозки по Бишкеку и Чуйской области. Договор и чек. Работаем 7 дней.,Рассчитайте стоимость за минуту и отправьте заявку в WhatsApp. Ответим быстро.,,,,Paused
SG | Поиск | Грузоперевозки,Перевозка мебели и техники,Responsive search ad,https://sprintergo.kg/,perevozka,mebeli,Перевозка мебели в Бишкеке,Перевезём мебель и технику,"Перевозка холодильника, дивана",Грузовое такси от 1 500 сом,Подача в выбранное время,Цена известна до начала работ,0 скрытых платежей,Грузчики в форме и с опытом,Работаем с 2015 года,Заявка в WhatsApp 24/7,Упаковка и сборка мебели,Рассчитайте стоимость онлайн,Машины до 5 тонн,Договор и чек,Оплата после выполнения работ,1,"Спринтер или газель с грузчиками в выбранное время. Упакуем, перевезём, соберём мебель.","Фиксированная цена после расчёта, 0 скрытых платежей. Оплата после выполнения работ.",Переезды и грузоперевозки по Бишкеку и Чуйской области. Договор и чек. Работаем 7 дней.,Рассчитайте стоимость за минуту и отправьте заявку в WhatsApp. Ответим быстро.,,,,Paused
SG | Поиск | Переезды,Квартирный переезд,Responsive search ad,https://sprintergo.kg/,pereezd,kvartira,Квартирный переезд в Бишкеке,Переезд квартиры под ключ,Переезд за один день,Грузовое такси от 1 500 сом,Подача в выбранное время,Цена известна до начала работ,0 скрытых платежей,Грузчики в форме и с опытом,Работаем с 2015 года,Заявка в WhatsApp 24/7,Упаковка и сборка мебели,Рассчитайте стоимость онлайн,Машины до 5 тонн,Договор и чек,Оплата после выполнения работ,1,"Спринтер или газель с грузчиками в выбранное время. Упакуем, перевезём, соберём мебель.","Фиксированная цена после расчёта, 0 скрытых платежей. Оплата после выполнения работ.",Переезды и грузоперевозки по Бишкеку и Чуйской области. Договор и чек. Работаем 7 дней.,Рассчитайте стоимость за минуту и отправьте заявку в WhatsApp. Ответим быстро.,,,,Paused
SG | Поиск | Переезды,Офисный переезд,Responsive search ad,https://sprintergo.kg/,pereezd,ofis,Офисный переезд в Бишкеке,Переезд офиса без простоя,Перевезём офис за выходные,Грузовое такси от 1 500 сом,Подача в выбранное время,Цена известна до начала работ,0 скрытых платежей,Грузчики в форме и с опытом,Работаем с 2015 года,Заявка в WhatsApp 24/7,Упаковка и сборка мебели,Рассчитайте стоимость онлайн,Машины до 5 тонн,Договор и чек,Оплата после выполнения работ,1,"Спринтер или газель с грузчиками в выбранное время. Упакуем, перевезём, соберём мебель.","Фиксированная цена после расчёта, 0 скрытых платежей. Оплата после выполнения работ.",Переезды и грузоперевозки по Бишкеку и Чуйской области. Договор и чек. Работаем 7 дней.,Рассчитайте стоимость за минуту и отправьте заявку в WhatsApp. Ответим быстро.,,,,Paused
SG | Поиск | Грузчики,Услуги грузчиков,Responsive search ad,https://sprintergo.kg/,gruzchiki,bishkek,Грузчики в Бишкеке,Услуги грузчиков от 500 сом,Грузчики + машина,Грузовое такси от 1 500 сом,Подача в выбранное время,Цена известна до начала работ,0 скрытых платежей,Грузчики в форме и с опытом,Работаем с 2015 года,Заявка в WhatsApp 24/7,Упаковка и сборка мебели,Рассчитайте стоимость онлайн,Машины до 5 тонн,Договор и чек,Оплата после выполнения работ,1,"Спринтер или газель с грузчиками в выбранное время. Упакуем, перевезём, соберём мебель.","Фиксированная цена после расчёта, 0 скрытых платежей. Оплата после выполнения работ.",Переезды и грузоперевозки по Бишкеку и Чуйской области. Договор и чек. Работаем 7 дней.,Рассчитайте стоимость за минуту и отправьте заявку в WhatsApp. Ответим быстро.,,,,Paused
SG | Поиск | Сборка мебели,Сборка и разборка мебели,Responsive search ad,https://sprintergo.kg/,sborka,mebeli,Сборка мебели в Бишкеке,Сборка мебели от 500 сом,Гарантия на сборку 6 месяцев,Грузовое такси от 1 500 сом,Подача в выбранное время,Цена известна до начала работ,0 скрытых платежей,Грузчики в форме и с опытом,Работаем с 2015 года,Заявка в WhatsApp 24/7,Упаковка и сборка мебели,Рассчитайте стоимость онлайн,Машины до 5 тонн,Договор и чек,Оплата после выполнения работ,1,"Спринтер или газель с грузчиками в выбранное время. Упакуем, перевезём, соберём мебель.","Фиксированная цена после расчёта, 0 скрытых платежей. Оплата после выполнения работ.",Переезды и грузоперевозки по Бишкеку и Чуйской области. Договор и чек. Работаем 7 дней.,Рассчитайте стоимость за минуту и отправьте заявку в WhatsApp. Ответим быстро.,,,,Paused
SG | Звонки | Мобильные,Звонок: грузоперевозки,Call ad,https://sprintergo.kg/,,,Грузоперевозки в Бишкеке,Спринтер + грузчики сейчас,,,,,,,,,,,,,,,Подача машины в выбранное время. Цена известна до начала работ.,"Переезды, грузчики, упаковка. Звоните — ответим сразу.",,,+996 755 555 357,KG,Sprinter Go,Paused
