Campaign,Campaign Type,Campaign Status,Budget,Budget type,Bid Strategy Type,Networks,Languages,Location,Ad Group,Ad Group Status,Max CPC,Keyword,Criterion Type,Status,Ad type,Final URL,Path 1,Path 2,Headline 1,Headline 2,Headline 3,Headline 4,Headline 5,Headline 6,Headline 7,Headline 8,Headline 9,Headline 10,Headline 11,Headline 12,Headline 13,Headline 14,Headline 15,Headline 1 position,Description 1,Description 2,Description 3,Description 4,Sitelink text,Sitelink description line 1,Sitelink description line 2,Sitelink final URL,Callout text,Structured snippet header,Structured snippet values,Phone number,Country code,Business name
SG | Поиск | Бишкек,Search,Paused,1200,Daily,Maximize clicks,Google search,ru;ky;All,"Bishkek, Kyrgyzstan; Chuy Region, Kyrgyzstan",,,,,,,,,,,,,,,,,,,,,,,,,,,,,,,,,,,,,,,,
SG | Поиск | Бишкек,,,,,,,,,,,,,,,,,,,,,,,,,,,,,,,,,,,,,,,Калькулятор стоимости,Считайте онлайн за минуту,Цена до подачи машины,https://sprintergo.kg/#calc,,,,,,
SG | Поиск | Бишкек,,,,,,,,,,,,,,,,,,,,,,,,,,,,,,,,,,,,,,,Цены и тарифы,Минимальный от 1 500 сом,Стандарт и Премиум,https://sprintergo.kg/#prices,,,,,,
SG | Поиск | Бишкек,,,,,,,,,,,,,,,,,,,,,,,,,,,,,,,,,,,,,,,Автопарк,"Портер, спринтер, газель",Грузовики 3 и 5 тонн,https://sprintergo.kg/#fleet,,,,,,
SG | Поиск | Бишкек,,,,,,,,,,,,,,,,,,,,,,,,,,,,,,,,,,,,,,,Отзывы клиентов,Переезды и сборка мебели,Реальные истории,https://sprintergo.kg/#reviews,,,,,,
SG | Поиск | Бишкек,,,,,,,,,,,,,,,,,,,,,,,,,,,,,,,,,,,,,,,,,,,Договор и чек,,,,,
SG | Поиск | Бишкек,,,,,,,,,,,,,,,,,,,,,,,,,,,,,,,,,,,,,,,,,,,0 скрытых платежей,,,,,
SG | Поиск | Бишкек,,,,,,,,,,,,,,,,,,,,,,,,,,,,,,,,,,,,,,,,,,,Оплата после работы,,,,,
SG | Поиск | Бишкек,,,,,,,,,,,,,,,,,,,,,,,,,,,,,,,,,,,,,,,,,,,Грузчики в форме,,,,,
SG | Поиск | Бишкек,,,,,,,,,,,,,,,,,,,,,,,,,,,,,,,,,,,,,,,,,,,С 2015 года,,,,,
SG | Поиск | Бишкек,,,,,,,,,,,,,,,,,,,,,,,,,,,,,,,,,,,,,,,,,,,Заявки 24/7,,,,,
SG | Поиск | Бишкек,,,,,,,,,,,,,,,,,,,,,,,,,,,,,,,,,,,,,,,,,,,Подача в выбранное время,,,,,
SG | Поиск | Бишкек,,,,,,,,,,,,,,,,,,,,,,,,,,,,,,,,,,,,,,,,,,,Жүкчүлөр менен,,,,,
SG | Поиск | Бишкек,,,,,,,,,,,,,,,,,,,,,,,,,,,,,,,,,,,,,,,,,,,,Услуги,Квартирный переезд;Офисный переезд;Грузчики;Упаковка;Сборка мебели;Грузовое такси;Жүк ташуу,,,
SG | Поиск | Бишкек,,,,,,,,,,,,,,,,,,,,,,,,,,,,,,,,,,,,,,,,,,,,,,+996 755 555 357,KG,
SG | Поиск | Бишкек,,,,,,,,,1 Грузоперевозки и грузовое такси,Paused,22,,,,,,,,,,,,,,,,,,,,,,,,,,,,,,,,,,,,,
SG | Поиск | Бишкек,,,,,,,,,1 Грузоперевозки и грузовое такси,,,грузоперевозки бишкек,Broad,Paused,,,,,,,,,,,,,,,,,,,,,,,,,,,,,,,,,,
SG | Поиск | Бишкек,,,,,,,,,1 Грузоперевозки и грузовое такси,,,грузовое такси бишкек,Broad,Paused,,,,,,,,,,,,,,,,,,,,,,,,,,,,,,,,,,
SG | Поиск | Бишкек,,,,,,,,,1 Грузоперевозки и грузовое такси,,,грузоперевозки бишкек,Phrase,Paused,,,,,,,,,,,,,,,,,,,,,,,,,,,,,,,,,,
SG | Поиск | Бишкек,,,,,,,,,1 Грузоперевозки и грузовое такси,,,грузоперевозки по бишкеку,Phrase,Paused,,,,,,,,,,,,,,,,,,,,,,,,,,,,,,,,,,
SG | Поиск | Бишкек,,,,,,,,,1 Грузоперевозки и грузовое такси,,,грузоперевозки недорого,Phrase,Paused,,,,,,,,,,,,,,,,,,,,,,,,,,,,,,,,,,
SG | Поиск | Бишкек,,,,,,,,,1 Грузоперевозки и грузовое такси,,,грузовое такси,Phrase,Paused,,,,,,,,,,,,,,,,,,,,,,,,,,,,,,,,,,
SG | Поиск | Бишкек,,,,,,,,,1 Грузоперевозки и грузовое такси,,,грузотакси бишкек,Phrase,Paused,,,,,,,,,,,,,,,,,,,,,,,,,,,,,,,,,,
SG | Поиск | Бишкек,,,,,,,,,1 Грузоперевозки и грузовое такси,,,грузовое такси с грузчиками,Phrase,Paused,,,,,,,,,,,,,,,,,,,,,,,,,,,,,,,,,,
SG | Поиск | Бишкек,,,,,,,,,1 Грузоперевозки и грузовое такси,,,заказать грузоперевозку,Phrase,Paused,,,,,,,,,,,,,,,,,,,,,,,,,,,,,,,,,,
SG | Поиск | Бишкек,,,,,,,,,1 Грузоперевозки и грузовое такси,,,перевозка мебели бишкек,Phrase,Paused,,,,,,,,,,,,,,,,,,,,,,,,,,,,,,,,,,
SG | Поиск | Бишкек,,,,,,,,,1 Грузоперевозки и грузовое такси,,,перевезти холодильник,Phrase,Paused,,,,,,,,,,,,,,,,,,,,,,,,,,,,,,,,,,
SG | Поиск | Бишкек,,,,,,,,,1 Грузоперевозки и грузовое такси,,,перевозка стройматериалов бишкек,Phrase,Paused,,,,,,,,,,,,,,,,,,,,,,,,,,,,,,,,,,
SG | Поиск | Бишкек,,,,,,,,,1 Грузоперевозки и грузовое такси,,,перевозка вещей бишкек,Phrase,Paused,,,,,,,,,,,,,,,,,,,,,,,,,,,,,,,,,,
SG | Поиск | Бишкек,,,,,,,,,1 Грузоперевозки и грузовое такси,,,доставка мебели из магазина,Phrase,Paused,,,,,,,,,,,,,,,,,,,,,,,,,,,,,,,,,,
SG | Поиск | Бишкек,,,,,,,,,1 Грузоперевозки и грузовое такси,,,,,Paused,Responsive search ad,https://sprintergo.kg/,gruzoperevozki,bishkek,Грузоперевозки в Бишкеке,Грузовое такси Бишкек,Грузовое такси с грузчиками,Грузовое такси от 1 500 сом,Подача в выбранное время,Цена известна до работ,0 скрытых платежей,Грузчики в форме и с опытом,Работаем с 2015 года,Заявка в WhatsApp 24/7,Упаковка и сборка мебели,Расчёт стоимости онлайн,Машины до 5 тонн,Договор и чек,Оплата после работы,1,"Спринтер или газель с грузчиками в выбранное время. Упакуем, перевезём, соберём мебель.","Фиксированная цена после расчёта, 0 скрытых платежей. Оплата после выполнения работ.",Переезды и грузоперевозки по Бишкеку и Чуйской области. Договор и чек. Работаем 7 дней.,Рассчитайте стоимость за минуту и отправьте заявку в WhatsApp. Ответим быстро.,,,,,,,,,,
SG | Поиск | Бишкек,,,,,,,,,"2 Портер, спринтер, газель",Paused,22,,,,,,,,,,,,,,,,,,,,,,,,,,,,,,,,,,,,,
SG | Поиск | Бишкек,,,,,,,,,"2 Портер, спринтер, газель",,,портер бишкек,Broad,Paused,,,,,,,,,,,,,,,,,,,,,,,,,,,,,,,,,,
SG | Поиск | Бишкек,,,,,,,,,"2 Портер, спринтер, газель",,,заказать газель бишкек,Broad,Paused,,,,,,,,,,,,,,,,,,,,,,,,,,,,,,,,,,
SG | Поиск | Бишкек,,,,,,,,,"2 Портер, спринтер, газель",,,такси портер,Phrase,Paused,,,,,,,,,,,,,,,,,,,,,,,,,,,,,,,,,,
SG | Поиск | Бишкек,,,,,,,,,"2 Портер, спринтер, газель",,,портер такси бишкек,Phrase,Paused,,,,,,,,,,,,,,,,,,,,,,,,,,,,,,,,,,
SG | Поиск | Бишкек,,,,,,,,,"2 Портер, спринтер, газель",,,портер керек,Phrase,Paused,,,,,,,,,,,,,,,,,,,,,,,,,,,,,,,,,,
SG | Поиск | Бишкек,,,,,,,,,"2 Портер, спринтер, газель",,,заказать портер,Phrase,Paused,,,,,,,,,,,,,,,,,,,,,,,,,,,,,,,,,,
SG | Поиск | Бишкек,,,,,,,,,"2 Портер, спринтер, газель",,,портер грузоперевозки,Phrase,Paused,,,,,,,,,,,,,,,,,,,,,,,,,,,,,,,,,,
SG | Поиск | Бишкек,,,,,,,,,"2 Портер, спринтер, газель",,,заказать спринтер бишкек,Phrase,Paused,,,,,,,,,,,,,,,,,,,,,,,,,,,,,,,,,,
SG | Поиск | Бишкек,,,,,,,,,"2 Портер, спринтер, газель",,,спринтер грузоперевозки,Phrase,Paused,,,,,,,,,,,,,,,,,,,,,,,,,,,,,,,,,,
SG | Поиск | Бишкек,,,,,,,,,"2 Портер, спринтер, газель",,,газель с грузчиками,Phrase,Paused,,,,,,,,,,,,,,,,,,,,,,,,,,,,,,,,,,
SG | Поиск | Бишкек,,,,,,,,,"2 Портер, спринтер, газель",,,газель бишкек заказать,Phrase,Paused,,,,,,,,,,,,,,,,,,,,,,,,,,,,,,,,,,
SG | Поиск | Бишкек,,,,,,,,,"2 Портер, спринтер, газель",,,лабо бишкек,Phrase,Paused,,,,,,,,,,,,,,,,,,,,,,,,,,,,,,,,,,
SG | Поиск | Бишкек,,,,,,,,,"2 Портер, спринтер, газель",,,машина для перевозки вещей,Phrase,Paused,,,,,,,,,,,,,,,,,,,,,,,,,,,,,,,,,,
SG | Поиск | Бишкек,,,,,,,,,"2 Портер, спринтер, газель",,,нанять машину для переезда,Phrase,Paused,,,,,,,,,,,,,,,,,,,,,,,,,,,,,,,,,,
SG | Поиск | Бишкек,,,,,,,,,"2 Портер, спринтер, газель",,,,,Paused,Responsive search ad,https://sprintergo.kg/,porter,sprinter,Заказать портер в Бишкеке,"Спринтер, газель, портер",Портер с грузчиками,Грузовое такси от 1 500 сом,Подача в выбранное время,Цена известна до работ,0 скрытых платежей,Грузчики в форме и с опытом,Работаем с 2015 года,Заявка в WhatsApp 24/7,Упаковка и сборка мебели,Расчёт стоимости онлайн,Машины до 5 тонн,Договор и чек,Оплата после работы,1,"Спринтер или газель с грузчиками в выбранное время. Упакуем, перевезём, соберём мебель.","Фиксированная цена после расчёта, 0 скрытых платежей. Оплата после выполнения работ.",Переезды и грузоперевозки по Бишкеку и Чуйской области. Договор и чек. Работаем 7 дней.,Рассчитайте стоимость за минуту и отправьте заявку в WhatsApp. Ответим быстро.,,,,,,,,,,
SG | Поиск | Бишкек,,,,,,,,,3 Переезд квартиры и офиса,Paused,22,,,,,,,,,,,,,,,,,,,,,,,,,,,,,,,,,,,,,
SG | Поиск | Бишкек,,,,,,,,,3 Переезд квартиры и офиса,,,квартирный переезд бишкек,Broad,Paused,,,,,,,,,,,,,,,,,,,,,,,,,,,,,,,,,,
SG | Поиск | Бишкек,,,,,,,,,3 Переезд квартиры и офиса,,,переезд бишкек,Broad,Paused,,,,,,,,,,,,,,,,,,,,,,,,,,,,,,,,,,
SG | Поиск | Бишкек,,,,,,,,,3 Переезд квартиры и офиса,,,квартирный переезд,Phrase,Paused,,,,,,,,,,,,,,,,,,,,,,,,,,,,,,,,,,
SG | Поиск | Бишкек,,,,,,,,,3 Переезд квартиры и офиса,,,переезд квартиры бишкек,Phrase,Paused,,,,,,,,,,,,,,,,,,,,,,,,,,,,,,,,,,
SG | Поиск | Бишкек,,,,,,,,,3 Переезд квартиры и офиса,,,услуги переезда бишкек,Phrase,Paused,,,,,,,,,,,,,,,,,,,,,,,,,,,,,,,,,,
SG | Поиск | Бишкек,,,,,,,,,3 Переезд квартиры и офиса,,,переезд с грузчиками,Phrase,Paused,,,,,,,,,,,,,,,,,,,,,,,,,,,,,,,,,,
SG | Поиск | Бишкек,,,,,,,,,3 Переезд квартиры и офиса,,,офисный переезд бишкек,Phrase,Paused,,,,,,,,,,,,,,,,,,,,,,,,,,,,,,,,,,
SG | Поиск | Бишкек,,,,,,,,,3 Переезд квартиры и офиса,,,переезд офиса,Phrase,Paused,,,,,,,,,,,,,,,,,,,,,,,,,,,,,,,,,,
SG | Поиск | Бишкек,,,,,,,,,3 Переезд квартиры и офиса,,,компания по переезду,Phrase,Paused,,,,,,,,,,,,,,,,,,,,,,,,,,,,,,,,,,
SG | Поиск | Бишкек,,,,,,,,,3 Переезд квартиры и офиса,,,помощь при переезде,Phrase,Paused,,,,,,,,,,,,,,,,,,,,,,,,,,,,,,,,,,
SG | Поиск | Бишкек,,,,,,,,,3 Переезд квартиры и офиса,,,,,Paused,Responsive search ad,https://sprintergo.kg/,pereezd,bishkek,Квартирный переезд Бишкек,Переезд под ключ за день,Офисный переезд без простоя,Грузовое такси от 1 500 сом,Подача в выбранное время,Цена известна до работ,0 скрытых платежей,Грузчики в форме и с опытом,Работаем с 2015 года,Заявка в WhatsApp 24/7,Упаковка и сборка мебели,Расчёт стоимости онлайн,Машины до 5 тонн,Договор и чек,Оплата после работы,1,"Спринтер или газель с грузчиками в выбранное время. Упакуем, перевезём, соберём мебель.","Фиксированная цена после расчёта, 0 скрытых платежей. Оплата после выполнения работ.",Переезды и грузоперевозки по Бишкеку и Чуйской области. Договор и чек. Работаем 7 дней.,Рассчитайте стоимость за минуту и отправьте заявку в WhatsApp. Ответим быстро.,,,,,,,,,,
SG | Поиск | Бишкек,,,,,,,,,4 Грузчики и сборка мебели,Paused,22,,,,,,,,,,,,,,,,,,,,,,,,,,,,,,,,,,,,,
SG | Поиск | Бишкек,,,,,,,,,4 Грузчики и сборка мебели,,,грузчики бишкек,Broad,Paused,,,,,,,,,,,,,,,,,,,,,,,,,,,,,,,,,,
SG | Поиск | Бишкек,,,,,,,,,4 Грузчики и сборка мебели,,,сборка мебели бишкек,Broad,Paused,,,,,,,,,,,,,,,,,,,,,,,,,,,,,,,,,,
SG | Поиск | Бишкек,,,,,,,,,4 Грузчики и сборка мебели,,,грузчик керек,Phrase,Paused,,,,,,,,,,,,,,,,,,,,,,,,,,,,,,,,,,
SG | Поиск | Бишкек,,,,,,,,,4 Грузчики и сборка мебели,,,грузчики керек,Phrase,Paused,,,,,,,,,,,,,,,,,,,,,,,,,,,,,,,,,,
SG | Поиск | Бишкек,,,,,,,,,4 Грузчики и сборка мебели,,,услуги грузчиков бишкек,Phrase,Paused,,,,,,,,,,,,,,,,,,,,,,,,,,,,,,,,,,
SG | Поиск | Бишкек,,,,,,,,,4 Грузчики и сборка мебели,,,нанять грузчиков,Phrase,Paused,,,,,,,,,,,,,,,,,,,,,,,,,,,,,,,,,,
SG | Поиск | Бишкек,,,,,,,,,4 Грузчики и сборка мебели,,,вызвать грузчиков,Phrase,Paused,,,,,,,,,,,,,,,,,,,,,,,,,,,,,,,,,,
SG | Поиск | Бишкек,,,,,,,,,4 Грузчики и сборка мебели,,,грузчики с машиной,Phrase,Paused,,,,,,,,,,,,,,,,,,,,,,,,,,,,,,,,,,
SG | Поиск | Бишкек,,,,,,,,,4 Грузчики и сборка мебели,,,грузчики на час,Phrase,Paused,,,,,,,,,,,,,,,,,,,,,,,,,,,,,,,,,,
SG | Поиск | Бишкек,,,,,,,,,4 Грузчики и сборка мебели,,,подъём мебели на этаж,Phrase,Paused,,,,,,,,,,,,,,,,,,,,,,,,,,,,,,,,,,
SG | Поиск | Бишкек,,,,,,,,,4 Грузчики и сборка мебели,,,сборка мебели,Phrase,Paused,,,,,,,,,,,,,,,,,,,,,,,,,,,,,,,,,,
SG | Поиск | Бишкек,,,,,,,,,4 Грузчики и сборка мебели,,,сборщик мебели бишкек,Phrase,Paused,,,,,,,,,,,,,,,,,,,,,,,,,,,,,,,,,,
SG | Поиск | Бишкек,,,,,,,,,4 Грузчики и сборка мебели,,,разборка мебели,Phrase,Paused,,,,,,,,,,,,,,,,,,,,,,,,,,,,,,,,,,
SG | Поиск | Бишкек,,,,,,,,,4 Грузчики и сборка мебели,,,сборка кухни бишкек,Phrase,Paused,,,,,,,,,,,,,,,,,,,,,,,,,,,,,,,,,,
SG | Поиск | Бишкек,,,,,,,,,4 Грузчики и сборка мебели,,,сборка шкафа бишкек,Phrase,Paused,,,,,,,,,,,,,,,,,,,,,,,,,,,,,,,,,,
SG | Поиск | Бишкек,,,,,,,,,4 Грузчики и сборка мебели,,,,,Paused,Responsive search ad,https://sprintergo.kg/,gruzchiki,sborka,Грузчики в Бишкеке,Грузчики от 500 сом,Сборка мебели с гарантией,Грузовое такси от 1 500 сом,Подача в выбранное время,Цена известна до работ,0 скрытых платежей,Грузчики в форме и с опытом,Работаем с 2015 года,Заявка в WhatsApp 24/7,Упаковка и сборка мебели,Расчёт стоимости онлайн,Машины до 5 тонн,Договор и чек,Оплата после работы,1,"Спринтер или газель с грузчиками в выбранное время. Упакуем, перевезём, соберём мебель.","Фиксированная цена после расчёта, 0 скрытых платежей. Оплата после выполнения работ.",Переезды и грузоперевозки по Бишкеку и Чуйской области. Договор и чек. Работаем 7 дней.,Рассчитайте стоимость за минуту и отправьте заявку в WhatsApp. Ответим быстро.,,,,,,,,,,
SG | Поиск | Бишкек,,,,,,,,,5 Кыргызча (жүк ташуу),Paused,22,,,,,,,,,,,,,,,,,,,,,,,,,,,,,,,,,,,,,
SG | Поиск | Бишкек,,,,,,,,,5 Кыргызча (жүк ташуу),,,жүк ташуу бишкек,Broad,Paused,,,,,,,,,,,,,,,,,,,,,,,,,,,,,,,,,,
SG | Поиск | Бишкек,,,,,,,,,5 Кыргызча (жүк ташуу),,,жүкчү керек,Broad,Paused,,,,,,,,,,,,,,,,,,,,,,,,,,,,,,,,,,
SG | Поиск | Бишкек,,,,,,,,,5 Кыргызча (жүк ташуу),,,жүк ташуу,Phrase,Paused,,,,,,,,,,,,,,,,,,,,,,,,,,,,,,,,,,
SG | Поиск | Бишкек,,,,,,,,,5 Кыргызча (жүк ташуу),,,жук ташуу,Phrase,Paused,,,,,,,,,,,,,,,,,,,,,,,,,,,,,,,,,,
SG | Поиск | Бишкек,,,,,,,,,5 Кыргызча (жүк ташуу),,,жүк ташуучу машина,Phrase,Paused,,,,,,,,,,,,,,,,,,,,,,,,,,,,,,,,,,
SG | Поиск | Бишкек,,,,,,,,,5 Кыргызча (жүк ташуу),,,жук ташуучу машина,Phrase,Paused,,,,,,,,,,,,,,,,,,,,,,,,,,,,,,,,,,
SG | Поиск | Бишкек,,,,,,,,,5 Кыргызча (жүк ташуу),,,жүк такси,Phrase,Paused,,,,,,,,,,,,,,,,,,,,,,,,,,,,,,,,,,
SG | Поиск | Бишкек,,,,,,,,,5 Кыргызча (жүк ташуу),,,жук такси бишкек,Phrase,Paused,,,,,,,,,,,,,,,,,,,,,,,,,,,,,,,,,,
SG | Поиск | Бишкек,,,,,,,,,5 Кыргызча (жүк ташуу),,,жүкчү керек,Phrase,Paused,,,,,,,,,,,,,,,,,,,,,,,,,,,,,,,,,,
SG | Поиск | Бишкек,,,,,,,,,5 Кыргызча (жүк ташуу),,,жукчу керек,Phrase,Paused,,,,,,,,,,,,,,,,,,,,,,,,,,,,,,,,,,
SG | Поиск | Бишкек,,,,,,,,,5 Кыргызча (жүк ташуу),,,жүкчүлөр керек,Phrase,Paused,,,,,,,,,,,,,,,,,,,,,,,,,,,,,,,,,,
SG | Поиск | Бишкек,,,,,,,,,5 Кыргызча (жүк ташуу),,,машина керек жүк ташуу,Phrase,Paused,,,,,,,,,,,,,,,,,,,,,,,,,,,,,,,,,,
SG | Поиск | Бишкек,,,,,,,,,5 Кыргызча (жүк ташуу),,,көчүү үчүн машина,Phrase,Paused,,,,,,,,,,,,,,,,,,,,,,,,,,,,,,,,,,
SG | Поиск | Бишкек,,,,,,,,,5 Кыргызча (жүк ташуу),,,кочуу учун машина,Phrase,Paused,,,,,,,,,,,,,,,,,,,,,,,,,,,,,,,,,,
SG | Поиск | Бишкек,,,,,,,,,5 Кыргызча (жүк ташуу),,,батир көчүрүү,Phrase,Paused,,,,,,,,,,,,,,,,,,,,,,,,,,,,,,,,,,
SG | Поиск | Бишкек,,,,,,,,,5 Кыргызча (жүк ташуу),,,батир кочуруу бишкек,Phrase,Paused,,,,,,,,,,,,,,,,,,,,,,,,,,,,,,,,,,
SG | Поиск | Бишкек,,,,,,,,,5 Кыргызча (жүк ташуу),,,үй көчүү бишкек,Phrase,Paused,,,,,,,,,,,,,,,,,,,,,,,,,,,,,,,,,,
SG | Поиск | Бишкек,,,,,,,,,5 Кыргызча (жүк ташуу),,,эмерек ташуу,Phrase,Paused,,,,,,,,,,,,,,,,,,,,,,,,,,,,,,,,,,
SG | Поиск | Бишкек,,,,,,,,,5 Кыргызча (жүк ташуу),,,эмерек чогултуу,Phrase,Paused,,,,,,,,,,,,,,,,,,,,,,,,,,,,,,,,,,
SG | Поиск | Бишкек,,,,,,,,,5 Кыргызча (жүк ташуу),,,эмерек чогултуучу керек,Phrase,Paused,,,,,,,,,,,,,,,,,,,,,,,,,,,,,,,,,,
SG | Поиск | Бишкек,,,,,,,,,5 Кыргызча (жүк ташуу),,,портер керек бишкек,Phrase,Paused,,,,,,,,,,,,,,,,,,,,,,,,,,,,,,,,,,
SG | Поиск | Бишкек,,,,,,,,,5 Кыргызча (жүк ташуу),,,газель керек,Phrase,Paused,,,,,,,,,,,,,,,,,,,,,,,,,,,,,,,,,,
SG | Поиск | Бишкек,,,,,,,,,5 Кыргызча (жүк ташуу),,,,,Paused,Responsive search ad,https://sprintergo.kg/,juk-tashuu,bishkek,Бишкекте жүк ташуу,Жүк такси — 1500 сомдон,Жүкчүлөр менен машина,"Портер, спринтер, газель",Баасы алдын ала белгилүү,Тандаган убакта келебиз,WhatsApp аркылуу заказ,Батир көчүрүү кызматы,Эмерек чогултуу 500 сомдон,2015-жылдан бери иштейбиз,Жашыруун төлөм жок,Иштен кийин төлөйсүз,,,,1,"Жүк ташуучу машина жана жүкчүлөр. Батир, офис көчүрөбүз, эмерек чогултабыз.","Баа сайттагы эсептегичте дароо көрүнөт. Заказ WhatsApp аркылуу, 24 саат.","Бишкек боюнча жүк ташуу: портер, спринтер, 3 жана 5 тонналык унаалар.",Келишим жана чек беребиз. Жүктүн сакталышына толук жооп беребиз.,,,,,,,,,,
SG | Звонки,Search,Paused,300,Daily,Maximize clicks,Google search,ru;ky;All,"Bishkek, Kyrgyzstan; Chuy Region, Kyrgyzstan",,,,,,,,,,,,,,,,,,,,,,,,,,,,,,,,,,,,,,,,
SG | Звонки,,,,,,,,,,,,,,,,,,,,,,,,,,,,,,,,,,,,,,,,,,,,,,+996 755 555 357,KG,
SG | Звонки,,,,,,,,,Звонок сейчас,Paused,30,,,,,,,,,,,,,,,,,,,,,,,,,,,,,,,,,,,,,
SG | Звонки,,,,,,,,,Звонок сейчас,,,грузоперевозки бишкек,Phrase,Paused,,,,,,,,,,,,,,,,,,,,,,,,,,,,,,,,,,
SG | Звонки,,,,,,,,,Звонок сейчас,,,грузовое такси,Phrase,Paused,,,,,,,,,,,,,,,,,,,,,,,,,,,,,,,,,,
SG | Звонки,,,,,,,,,Звонок сейчас,,,портер керек,Phrase,Paused,,,,,,,,,,,,,,,,,,,,,,,,,,,,,,,,,,
SG | Звонки,,,,,,,,,Звонок сейчас,,,грузчик керек,Phrase,Paused,,,,,,,,,,,,,,,,,,,,,,,,,,,,,,,,,,
SG | Звонки,,,,,,,,,Звонок сейчас,,,жүк ташуу,Phrase,Paused,,,,,,,,,,,,,,,,,,,,,,,,,,,,,,,,,,
SG | Звонки,,,,,,,,,Звонок сейчас,,,жүкчү керек,Phrase,Paused,,,,,,,,,,,,,,,,,,,,,,,,,,,,,,,,,,
SG | Звонки,,,,,,,,,Звонок сейчас,,,заказать газель,Phrase,Paused,,,,,,,,,,,,,,,,,,,,,,,,,,,,,,,,,,
SG | Звонки,,,,,,,,,Звонок сейчас,,,переезд бишкек,Phrase,Paused,,,,,,,,,,,,,,,,,,,,,,,,,,,,,,,,,,
SG | Звонки,,,,,,,,,Звонок сейчас,,,,,Paused,Call ad,https://sprintergo.kg/,,,Грузоперевозки в Бишкеке,Машина и грузчики сейчас,,,,,,,,,,,,,,,Подача в выбранное время. Цена известна до начала работ. Звоните.,"Жүк ташуу, жүкчүлөр, көчүү. Чалыңыз — дароо жооп беребиз.",,,,,,,,,,+996 755 555 357,KG,Sprinter Go
SG | Поиск | Бишкек,,,,,,,,,,,,работа,Negative Phrase,Enabled,,,,,,,,,,,,,,,,,,,,,,,,,,,,,,,,,,
SG | Звонки,,,,,,,,,,,,работа,Negative Phrase,Enabled,,,,,,,,,,,,,,,,,,,,,,,,,,,,,,,,,,
SG | Поиск | Бишкек,,,,,,,,,,,,вакансия,Negative Phrase,Enabled,,,,,,,,,,,,,,,,,,,,,,,,,,,,,,,,,,
SG | Звонки,,,,,,,,,,,,вакансия,Negative Phrase,Enabled,,,,,,,,,,,,,,,,,,,,,,,,,,,,,,,,,,
SG | Поиск | Бишкек,,,,,,,,,,,,вакансии,Negative Phrase,Enabled,,,,,,,,,,,,,,,,,,,,,,,,,,,,,,,,,,
SG | Звонки,,,,,,,,,,,,вакансии,Negative Phrase,Enabled,,,,,,,,,,,,,,,,,,,,,,,,,,,,,,,,,,
SG | Поиск | Бишкек,,,,,,,,,,,,требуется,Negative Phrase,Enabled,,,,,,,,,,,,,,,,,,,,,,,,,,,,,,,,,,
SG | Звонки,,,,,,,,,,,,требуется,Negative Phrase,Enabled,,,,,,,,,,,,,,,,,,,,,,,,,,,,,,,,,,
SG | Поиск | Бишкек,,,,,,,,,,,,резюме,Negative Phrase,Enabled,,,,,,,,,,,,,,,,,,,,,,,,,,,,,,,,,,
SG | Звонки,,,,,,,,,,,,резюме,Negative Phrase,Enabled,,,,,,,,,,,,,,,,,,,,,,,,,,,,,,,,,,
SG | Поиск | Бишкек,,,,,,,,,,,,зарплата,Negative Phrase,Enabled,,,,,,,,,,,,,,,,,,,,,,,,,,,,,,,,,,
SG | Звонки,,,,,,,,,,,,зарплата,Negative Phrase,Enabled,,,,,,,,,,,,,,,,,,,,,,,,,,,,,,,,,,
SG | Поиск | Бишкек,,,,,,,,,,,,подработка,Negative Phrase,Enabled,,,,,,,,,,,,,,,,,,,,,,,,,,,,,,,,,,
SG | Звонки,,,,,,,,,,,,подработка,Negative Phrase,Enabled,,,,,,,,,,,,,,,,,,,,,,,,,,,,,,,,,,
SG | Поиск | Бишкек,,,,,,,,,,,,ищу работу,Negative Phrase,Enabled,,,,,,,,,,,,,,,,,,,,,,,,,,,,,,,,,,
SG | Звонки,,,,,,,,,,,,ищу работу,Negative Phrase,Enabled,,,,,,,,,,,,,,,,,,,,,,,,,,,,,,,,,,
SG | Поиск | Бишкек,,,,,,,,,,,,курсы,Negative Phrase,Enabled,,,,,,,,,,,,,,,,,,,,,,,,,,,,,,,,,,
SG | Звонки,,,,,,,,,,,,курсы,Negative Phrase,Enabled,,,,,,,,,,,,,,,,,,,,,,,,,,,,,,,,,,
SG | Поиск | Бишкек,,,,,,,,,,,,обучение,Negative Phrase,Enabled,,,,,,,,,,,,,,,,,,,,,,,,,,,,,,,,,,
SG | Звонки,,,,,,,,,,,,обучение,Negative Phrase,Enabled,,,,,,,,,,,,,,,,,,,,,,,,,,,,,,,,,,
SG | Поиск | Бишкек,,,,,,,,,,,,жумуш,Negative Phrase,Enabled,,,,,,,,,,,,,,,,,,,,,,,,,,,,,,,,,,
SG | Звонки,,,,,,,,,,,,жумуш,Negative Phrase,Enabled,,,,,,,,,,,,,,,,,,,,,,,,,,,,,,,,,,
SG | Поиск | Бишкек,,,,,,,,,,,,жумуш керек,Negative Phrase,Enabled,,,,,,,,,,,,,,,,,,,,,,,,,,,,,,,,,,
SG | Звонки,,,,,,,,,,,,жумуш керек,Negative Phrase,Enabled,,,,,,,,,,,,,,,,,,,,,,,,,,,,,,,,,,
SG | Поиск | Бишкек,,,,,,,,,,,,иш издейм,Negative Phrase,Enabled,,,,,,,,,,,,,,,,,,,,,,,,,,,,,,,,,,
SG | Звонки,,,,,,,,,,,,иш издейм,Negative Phrase,Enabled,,,,,,,,,,,,,,,,,,,,,,,,,,,,,,,,,,
SG | Поиск | Бишкек,,,,,,,,,,,,айлык,Negative Phrase,Enabled,,,,,,,,,,,,,,,,,,,,,,,,,,,,,,,,,,
SG | Звонки,,,,,,,,,,,,айлык,Negative Phrase,Enabled,,,,,,,,,,,,,,,,,,,,,,,,,,,,,,,,,,
SG | Поиск | Бишкек,,,,,,,,,,,,купить,Negative Phrase,Enabled,,,,,,,,,,,,,,,,,,,,,,,,,,,,,,,,,,
SG | Звонки,,,,,,,,,,,,купить,Negative Phrase,Enabled,,,,,,,,,,,,,,,,,,,,,,,,,,,,,,,,,,
SG | Поиск | Бишкек,,,,,,,,,,,,продажа,Negative Phrase,Enabled,,,,,,,,,,,,,,,,,,,,,,,,,,,,,,,,,,
SG | Звонки,,,,,,,,,,,,продажа,Negative Phrase,Enabled,,,,,,,,,,,,,,,,,,,,,,,,,,,,,,,,,,
SG | Поиск | Бишкек,,,,,,,,,,,,продам,Negative Phrase,Enabled,,,,,,,,,,,,,,,,,,,,,,,,,,,,,,,,,,
SG | Звонки,,,,,,,,,,,,продам,Negative Phrase,Enabled,,,,,,,,,,,,,,,,,,,,,,,,,,,,,,,,,,
SG | Поиск | Бишкек,,,,,,,,,,,,продается,Negative Phrase,Enabled,,,,,,,,,,,,,,,,,,,,,,,,,,,,,,,,,,
SG | Звонки,,,,,,,,,,,,продается,Negative Phrase,Enabled,,,,,,,,,,,,,,,,,,,,,,,,,,,,,,,,,,
SG | Поиск | Бишкек,,,,,,,,,,,,сатылат,Negative Phrase,Enabled,,,,,,,,,,,,,,,,,,,,,,,,,,,,,,,,,,
SG | Звонки,,,,,,,,,,,,сатылат,Negative Phrase,Enabled,,,,,,,,,,,,,,,,,,,,,,,,,,,,,,,,,,
SG | Поиск | Бишкек,,,,,,,,,,,,сатам,Negative Phrase,Enabled,,,,,,,,,,,,,,,,,,,,,,,,,,,,,,,,,,
SG | Звонки,,,,,,,,,,,,сатам,Negative Phrase,Enabled,,,,,,,,,,,,,,,,,,,,,,,,,,,,,,,,,,
SG | Поиск | Бишкек,,,,,,,,,,,,бу,Negative Phrase,Enabled,,,,,,,,,,,,,,,,,,,,,,,,,,,,,,,,,,
SG | Звонки,,,,,,,,,,,,бу,Negative Phrase,Enabled,,,,,,,,,,,,,,,,,,,,,,,,,,,,,,,,,,
SG | Поиск | Бишкек,,,,,,,,,,,,б у,Negative Phrase,Enabled,,,,,,,,,,,,,,,,,,,,,,,,,,,,,,,,,,
SG | Звонки,,,,,,,,,,,,б у,Negative Phrase,Enabled,,,,,,,,,,,,,,,,,,,,,,,,,,,,,,,,,,
SG | Поиск | Бишкек,,,,,,,,,,,,запчасти,Negative Phrase,Enabled,,,,,,,,,,,,,,,,,,,,,,,,,,,,,,,,,,
SG | Звонки,,,,,,,,,,,,запчасти,Negative Phrase,Enabled,,,,,,,,,,,,,,,,,,,,,,,,,,,,,,,,,,
SG | Поиск | Бишкек,,,,,,,,,,,,ремонт,Negative Phrase,Enabled,,,,,,,,,,,,,,,,,,,,,,,,,,,,,,,,,,
SG | Звонки,,,,,,,,,,,,ремонт,Negative Phrase,Enabled,,,,,,,,,,,,,,,,,,,,,,,,,,,,,,,,,,
SG | Поиск | Бишкек,,,,,,,,,,,,шины,Negative Phrase,Enabled,,,,,,,,,,,,,,,,,,,,,,,,,,,,,,,,,,
SG | Звонки,,,,,,,,,,,,шины,Negative Phrase,Enabled,,,,,,,,,,,,,,,,,,,,,,,,,,,,,,,,,,
SG | Поиск | Бишкек,,,,,,,,,,,,диски,Negative Phrase,Enabled,,,,,,,,,,,,,,,,,,,,,,,,,,,,,,,,,,
SG | Звонки,,,,,,,,,,,,диски,Negative Phrase,Enabled,,,,,,,,,,,,,,,,,,,,,,,,,,,,,,,,,,
SG | Поиск | Бишкек,,,,,,,,,,,,двигатель,Negative Phrase,Enabled,,,,,,,,,,,,,,,,,,,,,,,,,,,,,,,,,,
SG | Звонки,,,,,,,,,,,,двигатель,Negative Phrase,Enabled,,,,,,,,,,,,,,,,,,,,,,,,,,,,,,,,,,
SG | Поиск | Бишкек,,,,,,,,,,,,цена спринтера,Negative Phrase,Enabled,,,,,,,,,,,,,,,,,,,,,,,,,,,,,,,,,,
SG | Звонки,,,,,,,,,,,,цена спринтера,Negative Phrase,Enabled,,,,,,,,,,,,,,,,,,,,,,,,,,,,,,,,,,
SG | Поиск | Бишкек,,,,,,,,,,,,спринтер купить,Negative Phrase,Enabled,,,,,,,,,,,,,,,,,,,,,,,,,,,,,,,,,,
SG | Звонки,,,,,,,,,,,,спринтер купить,Negative Phrase,Enabled,,,,,,,,,,,,,,,,,,,,,,,,,,,,,,,,,,
SG | Поиск | Бишкек,,,,,,,,,,,,газель купить,Negative Phrase,Enabled,,,,,,,,,,,,,,,,,,,,,,,,,,,,,,,,,,
SG | Звонки,,,,,,,,,,,,газель купить,Negative Phrase,Enabled,,,,,,,,,,,,,,,,,,,,,,,,,,,,,,,,,,
SG | Поиск | Бишкек,,,,,,,,,,,,портер купить,Negative Phrase,Enabled,,,,,,,,,,,,,,,,,,,,,,,,,,,,,,,,,,
SG | Звонки,,,,,,,,,,,,портер купить,Negative Phrase,Enabled,,,,,,,,,,,,,,,,,,,,,,,,,,,,,,,,,,
SG | Поиск | Бишкек,,,,,,,,,,,,лизинг,Negative Phrase,Enabled,,,,,,,,,,,,,,,,,,,,,,,,,,,,,,,,,,
SG | Звонки,,,,,,,,,,,,лизинг,Negative Phrase,Enabled,,,,,,,,,,,,,,,,,,,,,,,,,,,,,,,,,,
SG | Поиск | Бишкек,,,,,,,,,,,,кредит,Negative Phrase,Enabled,,,,,,,,,,,,,,,,,,,,,,,,,,,,,,,,,,
SG | Звонки,,,,,,,,,,,,кредит,Negative Phrase,Enabled,,,,,,,,,,,,,,,,,,,,,,,,,,,,,,,,,,
SG | Поиск | Бишкек,,,,,,,,,,,,рассрочка,Negative Phrase,Enabled,,,,,,,,,,,,,,,,,,,,,,,,,,,,,,,,,,
SG | Звонки,,,,,,,,,,,,рассрочка,Negative Phrase,Enabled,,,,,,,,,,,,,,,,,,,,,,,,,,,,,,,,,,
SG | Поиск | Бишкек,,,,,,,,,,,,карго,Negative Phrase,Enabled,,,,,,,,,,,,,,,,,,,,,,,,,,,,,,,,,,
SG | Звонки,,,,,,,,,,,,карго,Negative Phrase,Enabled,,,,,,,,,,,,,,,,,,,,,,,,,,,,,,,,,,
SG | Поиск | Бишкек,,,,,,,,,,,,из китая,Negative Phrase,Enabled,,,,,,,,,,,,,,,,,,,,,,,,,,,,,,,,,,
SG | Звонки,,,,,,,,,,,,из китая,Negative Phrase,Enabled,,,,,,,,,,,,,,,,,,,,,,,,,,,,,,,,,,
SG | Поиск | Бишкек,,,,,,,,,,,,из россии,Negative Phrase,Enabled,,,,,,,,,,,,,,,,,,,,,,,,,,,,,,,,,,
SG | Звонки,,,,,,,,,,,,из россии,Negative Phrase,Enabled,,,,,,,,,,,,,,,,,,,,,,,,,,,,,,,,,,
SG | Поиск | Бишкек,,,,,,,,,,,,международные,Negative Phrase,Enabled,,,,,,,,,,,,,,,,,,,,,,,,,,,,,,,,,,
SG | Звонки,,,,,,,,,,,,международные,Negative Phrase,Enabled,,,,,,,,,,,,,,,,,,,,,,,,,,,,,,,,,,
SG | Поиск | Бишкек,,,,,,,,,,,,авиа,Negative Phrase,Enabled,,,,,,,,,,,,,,,,,,,,,,,,,,,,,,,,,,
SG | Звонки,,,,,,,,,,,,авиа,Negative Phrase,Enabled,,,,,,,,,,,,,,,,,,,,,,,,,,,,,,,,,,
SG | Поиск | Бишкек,,,,,,,,,,,,жд,Negative Phrase,Enabled,,,,,,,,,,,,,,,,,,,,,,,,,,,,,,,,,,
SG | Звонки,,,,,,,,,,,,жд,Negative Phrase,Enabled,,,,,,,,,,,,,,,,,,,,,,,,,,,,,,,,,,
SG | Поиск | Бишкек,,,,,,,,,,,,контейнер,Negative Phrase,Enabled,,,,,,,,,,,,,,,,,,,,,,,,,,,,,,,,,,
SG | Звонки,,,,,,,,,,,,контейнер,Negative Phrase,Enabled,,,,,,,,,,,,,,,,,,,,,,,,,,,,,,,,,,
SG | Поиск | Бишкек,,,,,,,,,,,,фура,Negative Phrase,Enabled,,,,,,,,,,,,,,,,,,,,,,,,,,,,,,,,,,
SG | Звонки,,,,,,,,,,,,фура,Negative Phrase,Enabled,,,,,,,,,,,,,,,,,,,,,,,,,,,,,,,,,,
SG | Поиск | Бишкек,,,,,,,,,,,,тягач,Negative Phrase,Enabled,,,,,,,,,,,,,,,,,,,,,,,,,,,,,,,,,,
SG | Звонки,,,,,,,,,,,,тягач,Negative Phrase,Enabled,,,,,,,,,,,,,,,,,,,,,,,,,,,,,,,,,,
SG | Поиск | Бишкек,,,,,,,,,,,,эвакуатор,Negative Phrase,Enabled,,,,,,,,,,,,,,,,,,,,,,,,,,,,,,,,,,
SG | Звонки,,,,,,,,,,,,эвакуатор,Negative Phrase,Enabled,,,,,,,,,,,,,,,,,,,,,,,,,,,,,,,,,,
SG | Поиск | Бишкек,,,,,,,,,,,,манипулятор,Negative Phrase,Enabled,,,,,,,,,,,,,,,,,,,,,,,,,,,,,,,,,,
SG | Звонки,,,,,,,,,,,,манипулятор,Negative Phrase,Enabled,,,,,,,,,,,,,,,,,,,,,,,,,,,,,,,,,,
SG | Поиск | Бишкек,,,,,,,,,,,,кран,Negative Phrase,Enabled,,,,,,,,,,,,,,,,,,,,,,,,,,,,,,,,,,
SG | Звонки,,,,,,,,,,,,кран,Negative Phrase,Enabled,,,,,,,,,,,,,,,,,,,,,,,,,,,,,,,,,,
SG | Поиск | Бишкек,,,,,,,,,,,,бетон,Negative Phrase,Enabled,,,,,,,,,,,,,,,,,,,,,,,,,,,,,,,,,,
SG | Звонки,,,,,,,,,,,,бетон,Negative Phrase,Enabled,,,,,,,,,,,,,,,,,,,,,,,,,,,,,,,,,,
SG | Поиск | Бишкек,,,,,,,,,,,,самосвал,Negative Phrase,Enabled,,,,,,,,,,,,,,,,,,,,,,,,,,,,,,,,,,
SG | Звонки,,,,,,,,,,,,самосвал,Negative Phrase,Enabled,,,,,,,,,,,,,,,,,,,,,,,,,,,,,,,,,,
SG | Поиск | Бишкек,,,,,,,,,,,,вывоз мусора,Negative Phrase,Enabled,,,,,,,,,,,,,,,,,,,,,,,,,,,,,,,,,,
SG | Звонки,,,,,,,,,,,,вывоз мусора,Negative Phrase,Enabled,,,,,,,,,,,,,,,,,,,,,,,,,,,,,,,,,,
SG | Поиск | Бишкек,,,,,,,,,,,,мусор,Negative Phrase,Enabled,,,,,,,,,,,,,,,,,,,,,,,,,,,,,,,,,,
SG | Звонки,,,,,,,,,,,,мусор,Negative Phrase,Enabled,,,,,,,,,,,,,,,,,,,,,,,,,,,,,,,,,,
SG | Поиск | Бишкек,,,,,,,,,,,,такси пассажирское,Negative Phrase,Enabled,,,,,,,,,,,,,,,,,,,,,,,,,,,,,,,,,,
SG | Звонки,,,,,,,,,,,,такси пассажирское,Negative Phrase,Enabled,,,,,,,,,,,,,,,,,,,,,,,,,,,,,,,,,,
SG | Поиск | Бишкек,,,,,,,,,,,,пассажирские,Negative Phrase,Enabled,,,,,,,,,,,,,,,,,,,,,,,,,,,,,,,,,,
SG | Звонки,,,,,,,,,,,,пассажирские,Negative Phrase,Enabled,,,,,,,,,,,,,,,,,,,,,,,,,,,,,,,,,,
SG | Поиск | Бишкек,,,,,,,,,,,,аренда без водителя,Negative Phrase,Enabled,,,,,,,,,,,,,,,,,,,,,,,,,,,,,,,,,,
SG | Звонки,,,,,,,,,,,,аренда без водителя,Negative Phrase,Enabled,,,,,,,,,,,,,,,,,,,,,,,,,,,,,,,,,,
SG | Поиск | Бишкек,,,,,,,,,,,,прокат,Negative Phrase,Enabled,,,,,,,,,,,,,,,,,,,,,,,,,,,,,,,,,,
SG | Звонки,,,,,,,,,,,,прокат,Negative Phrase,Enabled,,,,,,,,,,,,,,,,,,,,,,,,,,,,,,,,,,
SG | Поиск | Бишкек,,,,,,,,,,,,ош,Negative Phrase,Enabled,,,,,,,,,,,,,,,,,,,,,,,,,,,,,,,,,,
SG | Звонки,,,,,,,,,,,,ош,Negative Phrase,Enabled,,,,,,,,,,,,,,,,,,,,,,,,,,,,,,,,,,
SG | Поиск | Бишкек,,,,,,,,,,,,жалал абад,Negative Phrase,Enabled,,,,,,,,,,,,,,,,,,,,,,,,,,,,,,,,,,
SG | Звонки,,,,,,,,,,,,жалал абад,Negative Phrase,Enabled,,,,,,,,,,,,,,,,,,,,,,,,,,,,,,,,,,
SG | Поиск | Бишкек,,,,,,,,,,,,джалал абад,Negative Phrase,Enabled,,,,,,,,,,,,,,,,,,,,,,,,,,,,,,,,,,
SG | Звонки,,,,,,,,,,,,джалал абад,Negative Phrase,Enabled,,,,,,,,,,,,,,,,,,,,,,,,,,,,,,,,,,
SG | Поиск | Бишкек,,,,,,,,,,,,каракол,Negative Phrase,Enabled,,,,,,,,,,,,,,,,,,,,,,,,,,,,,,,,,,
SG | Звонки,,,,,,,,,,,,каракол,Negative Phrase,Enabled,,,,,,,,,,,,,,,,,,,,,,,,,,,,,,,,,,
SG | Поиск | Бишкек,,,,,,,,,,,,нарын,Negative Phrase,Enabled,,,,,,,,,,,,,,,,,,,,,,,,,,,,,,,,,,
SG | Звонки,,,,,,,,,,,,нарын,Negative Phrase,Enabled,,,,,,,,,,,,,,,,,,,,,,,,,,,,,,,,,,
SG | Поиск | Бишкек,,,,,,,,,,,,талас,Negative Phrase,Enabled,,,,,,,,,,,,,,,,,,,,,,,,,,,,,,,,,,
SG | Звонки,,,,,,,,,,,,талас,Negative Phrase,Enabled,,,,,,,,,,,,,,,,,,,,,,,,,,,,,,,,,,
SG | Поиск | Бишкек,,,,,,,,,,,,баткен,Negative Phrase,Enabled,,,,,,,,,,,,,,,,,,,,,,,,,,,,,,,,,,
SG | Звонки,,,,,,,,,,,,баткен,Negative Phrase,Enabled,,,,,,,,,,,,,,,,,,,,,,,,,,,,,,,,,,
SG | Поиск | Бишкек,,,,,,,,,,,,иссык куль,Negative Phrase,Enabled,,,,,,,,,,,,,,,,,,,,,,,,,,,,,,,,,,
SG | Звонки,,,,,,,,,,,,иссык куль,Negative Phrase,Enabled,,,,,,,,,,,,,,,,,,,,,,,,,,,,,,,,,,
SG | Поиск | Бишкек,,,,,,,,,,,,алматы,Negative Phrase,Enabled,,,,,,,,,,,,,,,,,,,,,,,,,,,,,,,,,,
SG | Звонки,,,,,,,,,,,,алматы,Negative Phrase,Enabled,,,,,,,,,,,,,,,,,,,,,,,,,,,,,,,,,,
SG | Поиск | Бишкек,,,,,,,,,,,,казахстан,Negative Phrase,Enabled,,,,,,,,,,,,,,,,,,,,,,,,,,,,,,,,,,
SG | Звонки,,,,,,,,,,,,казахстан,Negative Phrase,Enabled,,,,,,,,,,,,,,,,,,,,,,,,,,,,,,,,,,
SG | Поиск | Бишкек,,,,,,,,,,,,москва,Negative Phrase,Enabled,,,,,,,,,,,,,,,,,,,,,,,,,,,,,,,,,,
SG | Звонки,,,,,,,,,,,,москва,Negative Phrase,Enabled,,,,,,,,,,,,,,,,,,,,,,,,,,,,,,,,,,
SG | Поиск | Бишкек,,,,,,,,,,,,россия,Negative Phrase,Enabled,,,,,,,,,,,,,,,,,,,,,,,,,,,,,,,,,,
SG | Звонки,,,,,,,,,,,,россия,Negative Phrase,Enabled,,,,,,,,,,,,,,,,,,,,,,,,,,,,,,,,,,
SG | Поиск | Бишкек,,,,,,,,,,,,узбекистан,Negative Phrase,Enabled,,,,,,,,,,,,,,,,,,,,,,,,,,,,,,,,,,
SG | Звонки,,,,,,,,,,,,узбекистан,Negative Phrase,Enabled,,,,,,,,,,,,,,,,,,,,,,,,,,,,,,,,,,
SG | Поиск | Бишкек,,,,,,,,,,,,турция,Negative Phrase,Enabled,,,,,,,,,,,,,,,,,,,,,,,,,,,,,,,,,,
SG | Звонки,,,,,,,,,,,,турция,Negative Phrase,Enabled,,,,,,,,,,,,,,,,,,,,,,,,,,,,,,,,,,
SG | Поиск | Бишкек,,,,,,,,,,,,своими руками,Negative Phrase,Enabled,,,,,,,,,,,,,,,,,,,,,,,,,,,,,,,,,,
SG | Звонки,,,,,,,,,,,,своими руками,Negative Phrase,Enabled,,,,,,,,,,,,,,,,,,,,,,,,,,,,,,,,,,
SG | Поиск | Бишкек,,,,,,,,,,,,самостоятельно,Negative Phrase,Enabled,,,,,,,,,,,,,,,,,,,,,,,,,,,,,,,,,,
SG | Звонки,,,,,,,,,,,,самостоятельно,Negative Phrase,Enabled,,,,,,,,,,,,,,,,,,,,,,,,,,,,,,,,,,
SG | Поиск | Бишкек,,,,,,,,,,,,бесплатно,Negative Phrase,Enabled,,,,,,,,,,,,,,,,,,,,,,,,,,,,,,,,,,
SG | Звонки,,,,,,,,,,,,бесплатно,Negative Phrase,Enabled,,,,,,,,,,,,,,,,,,,,,,,,,,,,,,,,,,
SG | Поиск | Бишкек,,,,,,,,,,,,скачать,Negative Phrase,Enabled,,,,,,,,,,,,,,,,,,,,,,,,,,,,,,,,,,
SG | Звонки,,,,,,,,,,,,скачать,Negative Phrase,Enabled,,,,,,,,,,,,,,,,,,,,,,,,,,,,,,,,,,
SG | Поиск | Бишкек,,,,,,,,,,,,видео,Negative Phrase,Enabled,,,,,,,,,,,,,,,,,,,,,,,,,,,,,,,,,,
SG | Звонки,,,,,,,,,,,,видео,Negative Phrase,Enabled,,,,,,,,,,,,,,,,,,,,,,,,,,,,,,,,,,
SG | Поиск | Бишкек,,,,,,,,,,,,фото,Negative Phrase,Enabled,,,,,,,,,,,,,,,,,,,,,,,,,,,,,,,,,,
SG | Звонки,,,,,,,,,,,,фото,Negative Phrase,Enabled,,,,,,,,,,,,,,,,,,,,,,,,,,,,,,,,,,
SG | Поиск | Бишкек,,,,,,,,,,,,схема,Negative Phrase,Enabled,,,,,,,,,,,,,,,,,,,,,,,,,,,,,,,,,,
SG | Звонки,,,,,,,,,,,,схема,Negative Phrase,Enabled,,,,,,,,,,,,,,,,,,,,,,,,,,,,,,,,,,
SG | Поиск | Бишкек,,,,,,,,,,,,инструкция,Negative Phrase,Enabled,,,,,,,,,,,,,,,,,,,,,,,,,,,,,,,,,,
SG | Звонки,,,,,,,,,,,,инструкция,Negative Phrase,Enabled,,,,,,,,,,,,,,,,,,,,,,,,,,,,,,,,,,
SG | Поиск | Бишкек,,,,,,,,,,,,форум,Negative Phrase,Enabled,,,,,,,,,,,,,,,,,,,,,,,,,,,,,,,,,,
SG | Звонки,,,,,,,,,,,,форум,Negative Phrase,Enabled,,,,,,,,,,,,,,,,,,,,,,,,,,,,,,,,,,
SG | Поиск | Бишкек,,,,,,,,,,,,что такое,Negative Phrase,Enabled,,,,,,,,,,,,,,,,,,,,,,,,,,,,,,,,,,
SG | Звонки,,,,,,,,,,,,что такое,Negative Phrase,Enabled,,,,,,,,,,,,,,,,,,,,,,,,,,,,,,,,,,
SG | Поиск | Бишкек,,,,,,,,,,,,как стать,Negative Phrase,Enabled,,,,,,,,,,,,,,,,,,,,,,,,,,,,,,,,,,
SG | Звонки,,,,,,,,,,,,как стать,Negative Phrase,Enabled,,,,,,,,,,,,,,,,,,,,,,,,,,,,,,,,,,
SG | Поиск | Бишкек,,,,,,,,,,,,кандай,Negative Phrase,Enabled,,,,,,,,,,,,,,,,,,,,,,,,,,,,,,,,,,
SG | Звонки,,,,,,,,,,,,кандай,Negative Phrase,Enabled,,,,,,,,,,,,,,,,,,,,,,,,,,,,,,,,,,
SG | Поиск | Бишкек,,,,,,,,,,,,деген эмне,Negative Phrase,Enabled,,,,,,,,,,,,,,,,,,,,,,,,,,,,,,,,,,
SG | Звонки,,,,,,,,,,,,деген эмне,Negative Phrase,Enabled,,,,,,,,,,,,,,,,,,,,,,,,,,,,,,,,,,
