Campaign,Ad Group,Keyword,Criterion Type,Status
SG | Поиск | Грузоперевозки,Грузоперевозки Бишкек,грузоперевозки бишкек,Exact,Paused
SG | Поиск | Грузоперевозки,Грузоперевозки Бишкек,грузоперевозки бишкек,Phrase,Paused
SG | Поиск | Грузоперевозки,Грузоперевозки Бишкек,грузоперевозки по бишкеку,Phrase,Paused
SG | Поиск | Грузоперевозки,Грузоперевозки Бишкек,грузоперевозки в бишкеке,Phrase,Paused
SG | Поиск | Грузоперевозки,Грузоперевозки Бишкек,грузоперевозки недорого бишкек,Phrase,Paused
SG | Поиск | Грузоперевозки,Грузоперевозки Бишкек,грузоперевозки по городу,Phrase,Paused
SG | Поиск | Грузоперевозки,Грузоперевозки Бишкек,заказать грузоперевозку,Phrase,Paused
SG | Поиск | Грузоперевозки,Грузоперевозки Бишкек,грузоперевозки цена,Phrase,Paused
SG | Поиск | Грузоперевозки,Грузовое такси,грузовое такси бишкек,Exact,Paused
SG | Поиск | Грузоперевозки,Грузовое такси,грузовое такси,Phrase,Paused
SG | Поиск | Грузоперевозки,Грузовое такси,грузовое такси бишкек,Phrase,Paused
SG | Поиск | Грузоперевозки,Грузовое такси,грузовое такси недорого,Phrase,Paused
SG | Поиск | Грузоперевозки,Грузовое такси,грузовое такси с грузчиками,Phrase,Paused
SG | Поиск | Грузоперевозки,Грузовое такси,грузотакси бишкек,Phrase,Paused
SG | Поиск | Грузоперевозки,Спринтер / Газель / Портер,заказать спринтер бишкек,Phrase,Paused
SG | Поиск | Грузоперевозки,Спринтер / Газель / Портер,спринтер грузоперевозки,Phrase,Paused
SG | Поиск | Грузоперевозки,Спринтер / Газель / Портер,спринтер для перевозки,Phrase,Paused
SG | Поиск | Грузоперевозки,Спринтер / Газель / Портер,заказать газель бишкек,Phrase,Paused
SG | Поиск | Грузоперевозки,Спринтер / Газель / Портер,газель грузоперевозки бишкек,Phrase,Paused
SG | Поиск | Грузоперевозки,Спринтер / Газель / Портер,газель с грузчиками,Phrase,Paused
SG | Поиск | Грузоперевозки,Спринтер / Газель / Портер,портер бишкек,Phrase,Paused
SG | Поиск | Грузоперевозки,Спринтер / Газель / Портер,портер грузоперевозки,Phrase,Paused
SG | Поиск | Грузоперевозки,Спринтер / Газель / Портер,аренда спринтера с водителем,Phrase,Paused
SG | Поиск | Грузоперевозки,Перевозка мебели и техники,перевозка мебели бишкек,Phrase,Paused
SG | Поиск | Грузоперевозки,Перевозка мебели и техники,перевозка мебели,Phrase,Paused
SG | Поиск | Грузоперевозки,Перевозка мебели и техники,перевезти мебель,Phrase,Paused
SG | Поиск | Грузоперевозки,Перевозка мебели и техники,перевозка холодильника,Phrase,Paused
SG | Поиск | Грузоперевозки,Перевозка мебели и техники,перевозка дивана,Phrase,Paused
SG | Поиск | Грузоперевозки,Перевозка мебели и техники,перевозка пианино бишкек,Phrase,Paused
SG | Поиск | Грузоперевозки,Перевозка мебели и техники,перевозка техники бишкек,Phrase,Paused
SG | Поиск | Грузоперевозки,Перевозка мебели и техники,перевозка стройматериалов бишкек,Phrase,Paused
SG | Поиск | Переезды,Квартирный переезд,квартирный переезд бишкек,Exact,Paused
SG | Поиск | Переезды,Квартирный переезд,квартирный переезд,Phrase,Paused
SG | Поиск | Переезды,Квартирный переезд,переезд квартиры бишкек,Phrase,Paused
SG | Поиск | Переезды,Квартирный переезд,переезд бишкек,Phrase,Paused
SG | Поиск | Переезды,Квартирный переезд,переезд под ключ бишкек,Phrase,Paused
SG | Поиск | Переезды,Квартирный переезд,услуги переезда бишкек,Phrase,Paused
SG | Поиск | Переезды,Квартирный переезд,переезд с грузчиками,Phrase,Paused
SG | Поиск | Переезды,Квартирный переезд,компания по переезду бишкек,Phrase,Paused
SG | Поиск | Переезды,Квартирный переезд,переезд в другую квартиру,Phrase,Paused
SG | Поиск | Переезды,Офисный переезд,офисный переезд бишкек,Exact,Paused
SG | Поиск | Переезды,Офисный переезд,офисный переезд,Phrase,Paused
SG | Поиск | Переезды,Офисный переезд,переезд офиса,Phrase,Paused
SG | Поиск | Переезды,Офисный переезд,перевозка офиса бишкек,Phrase,Paused
SG | Поиск | Переезды,Офисный переезд,перевозка офисной мебели,Phrase,Paused
SG | Поиск | Грузчики,Услуги грузчиков,грузчики бишкек,Exact,Paused
SG | Поиск | Грузчики,Услуги грузчиков,услуги грузчиков бишкек,Exact,Paused
SG | Поиск | Грузчики,Услуги грузчиков,грузчики бишкек,Phrase,Paused
SG | Поиск | Грузчики,Услуги грузчиков,услуги грузчиков,Phrase,Paused
SG | Поиск | Грузчики,Услуги грузчиков,нанять грузчиков,Phrase,Paused
SG | Поиск | Грузчики,Услуги грузчиков,грузчики недорого,Phrase,Paused
SG | Поиск | Грузчики,Услуги грузчиков,грузчики с машиной,Phrase,Paused
SG | Поиск | Грузчики,Услуги грузчиков,вызвать грузчиков,Phrase,Paused
SG | Поиск | Грузчики,Услуги грузчиков,грузчики на час,Phrase,Paused
SG | Поиск | Грузчики,Услуги грузчиков,подъём мебели на этаж,Phrase,Paused
SG | Поиск | Сборка мебели,Сборка и разборка мебели,сборка мебели бишкек,Exact,Paused
SG | Поиск | Сборка мебели,Сборка и разборка мебели,сборка мебели,Phrase,Paused
SG | Поиск | Сборка мебели,Сборка и разборка мебели,сборщик мебели бишкек,Phrase,Paused
SG | Поиск | Сборка мебели,Сборка и разборка мебели,разборка мебели,Phrase,Paused
SG | Поиск | Сборка мебели,Сборка и разборка мебели,сборка кухни бишкек,Phrase,Paused
SG | Поиск | Сборка мебели,Сборка и разборка мебели,сборка шкафа,Phrase,Paused
SG | Поиск | Сборка мебели,Сборка и разборка мебели,сборка мебели на дому,Phrase,Paused
SG | Звонки | Мобильные,Звонок: грузоперевозки,грузоперевозки бишкек,Phrase,Paused
SG | Звонки | Мобильные,Звонок: грузоперевозки,грузовое такси,Phrase,Paused
SG | Звонки | Мобильные,Звонок: грузоперевозки,грузчики бишкек,Phrase,Paused
SG | Звонки | Мобильные,Звонок: грузоперевозки,переезд бишкек,Phrase,Paused
SG | Звонки | Мобильные,Звонок: грузоперевозки,заказать газель,Phrase,Paused
SG | Звонки | Мобильные,Звонок: грузоперевозки,заказать спринтер,Phrase,Paused
